"Category","FileExt","FileId","GHUrl","SOUrl","PostId","Repo"
"C#",".cs","0bebccaa60d9d726a15fe5bcdee4fc3e684da041","https://raw.githubusercontent.com/ruffin--/UWPBox/master/UWPBox/UI/UWPBox.cs","https://stackoverflow.com/q/35138047",35138047,"ruffin--/UWPBox"
"C#",".cs","0e47d26d42703f5b2ad1fd752a6b4391f0e99f57","https://raw.githubusercontent.com/cprcrack/AdaptiveTaskbar/master/Program.cs","https://stackoverflow.com/q/42861156",42861156,"cprcrack/AdaptiveTaskbar"
"C#",".cs","12bd815289e82458d517aab5077c6a8f22a88423","https://raw.githubusercontent.com/govmeeting/govmeeting/master/src/ProcessRecording_Lib/SplitRecording.cs","https://stackoverflow.com/q/43814119",43814119,"govmeeting/govmeeting"
"C#",".cs","2695dffd3ae7fd9c89ceff6ffa63b38fe3eea41c","https://raw.githubusercontent.com/Virtlink/utilib/master/src/Virtlink.Utilib/Collections/ExtHashSet.cs","https://stackoverflow.com/a/39818801",39818801,"Virtlink/utilib"
"C#",".cs","2ed113852eafed05dd2b7cca7418cafb91978e29","https://raw.githubusercontent.com/mcshaz/SimManager/master/SP.DTOs/MapDictionary/MapNavProperty.cs","https://stackoverflow.com/q/35681045",35681045,"mcshaz/SimManager"
"C#",".cs","42453ffaddacfb931d64e4f4341daaaaad0169ec","https://raw.githubusercontent.com/StormRider01/ProxCardDemo2/master/prox.cs","https://stackoverflow.com/a/14939168",14939168,"StormRider01/ProxCardDemo2"
"C#",".cs","466370cfaba8fc6396410a6f77f9b7c33df2703c","https://raw.githubusercontent.com/mcshaz/SimManager/master/SP.Tests/SvickMapNavProperty - Copy.cs","https://stackoverflow.com/q/35681045",35681045,"mcshaz/SimManager"
"C#",".cs","52d4dcd5cf272e8cacbf99b5f29355ca9124a740","https://raw.githubusercontent.com/fsateler/MoreLINQ/master/MoreLinq/FullGroupJoin.cs","https://stackoverflow.com/a/13503860",13503860,"fsateler/MoreLINQ"
"C#",".cs","60b2edd98dcabc8367e6f9bc9935e56fbd54b54a","https://raw.githubusercontent.com/VictorZakharov/pinwin/master/PinWin/Controls/OverlayForm.cs","https://stackoverflow.com/q/34420599",34420599,"VictorZakharov/pinwin"
"C#",".cs","71e713da18e79e0704017e06e6ae177f94b1a3a1","https://raw.githubusercontent.com/jtara1/MiscScripts/master/misc_scripts/UpdateOSTime.cs","https://stackoverflow.com/a/25656379",25656379,"jtara1/MiscScripts"
"C#",".cs","81b34a43f698a86392b1c68d8c8773483d85681e","https://raw.githubusercontent.com/dotnet/roslyn/master/src/Compilers/CSharp/Test/Emit/CodeGen/CodeGenTests.cs","https://stackoverflow.com/q/39254676",39254676,"dotnet/roslyn"
"C#",".cs","849805330dea47636f6cf36d925a3364358b0f10","https://raw.githubusercontent.com/vmelamed/vm/master/Aspects/Diagnostics/src/Extensions.cs","https://stackoverflow.com/q/43769230",43769230,"vmelamed/vm"
"C#",".cs","88355a7be3067325a198691ab7e368d3daaa3d39","https://raw.githubusercontent.com/DanielSWolf/MoaiUtils/master/MoaiUtils/MoaiParsing/CompactSignature.cs","https://stackoverflow.com/a/20712653",20712653,"DanielSWolf/MoaiUtils"
"C#",".cs","93287523594523482ccecd057974f48ce01db1b4","https://raw.githubusercontent.com/petrroll/PowerSwitcher/master/PowerSwitcher/PowerManager.cs","https://stackoverflow.com/q/42703092",42703092,"petrroll/PowerSwitcher"
"C#",".cs","a4bc7e4e3cfdf9515e35cc92df6103553b84595d","https://raw.githubusercontent.com/tugberkugurlu/MvcBloggy/develop/src/MvcBloggy.Web/Infrastructure/Filters/RemoveWhitespacesAttribute.cs","https://stackoverflow.com/q/8762993",8762993,"tugberkugurlu/MvcBloggy"
"C#",".cs","a995fce45d1e0f9ff9f7e2f9d69944beeaf499a8","https://raw.githubusercontent.com/KeilFelix/DynamicProperties/master/src/DynamicProperties/DynamicPropSerializeTest/Program.cs","https://stackoverflow.com/q/46888732",46888732,"KeilFelix/DynamicProperties"
"C#",".cs","aef7ae8e58cf0df53fc0fe6b5169565d830bf76c","https://raw.githubusercontent.com/hmemcpy/ReSharper.InternalsVisibleTo/master/src/ReSharper.InternalsVisibleTo/KeyUtilities.cs","https://stackoverflow.com/q/16658541",16658541,"hmemcpy/ReSharper.InternalsVisibleTo"
"C#",".cs","afe31c27308b5bc0ed5ba92e0651854306614bf1","https://raw.githubusercontent.com/NLog/NLog/dev/src/NLog/LayoutRenderers/Wrappers/WrapLineLayoutRendererWrapper.cs","https://stackoverflow.com/q/36788754",36788754,"NLog/NLog"
"C#",".cs","b506a1eedce8668237751bff0ece0f5c3f25bba8","https://raw.githubusercontent.com/shanselman/babysmash/master/Controller.cs","https://stackoverflow.com/q/34776593",34776593,"shanselman/babysmash"
"C#",".cs","cf3cbfee5fac65bd90d45b8f08390171b0d638e5","https://raw.githubusercontent.com/madelson/MedallionShell/master/MedallionShell/WindowsCommandLineSyntax.cs","https://stackoverflow.com/q/5510343",5510343,"madelson/MedallionShell"
"C#",".cs","d8f6eb774fbd10ae13b216824c5edf6681a0f44c","https://raw.githubusercontent.com/PhilippC/keepass2android/master/src/keepass2android/GroupBaseActivity.cs","https://stackoverflow.com/q/54530604",54530604,"PhilippC/keepass2android"
"C#",".cs","db9a4f9582d0e5446d7508e3920906e0c20642e2","https://raw.githubusercontent.com/mcshaz/SimManager/master/SP.Tests/SvickMapNavProperty.cs","https://stackoverflow.com/q/35681045",35681045,"mcshaz/SimManager"
"C#",".cs","de82a458a8eb3a487c25668eaaa818319e9ac7ae","https://raw.githubusercontent.com/mcshaz/SimManager/master/SP.Tests/StoevMapNavProperty - Copy.cs","https://stackoverflow.com/q/35681045",35681045,"mcshaz/SimManager"
"C#",".cs","e41931fbdc3195e6fe75c5309b62b6b5272f1464","https://raw.githubusercontent.com/titanium007/Windows-User-Action-Hook/master/src/EventHook/Hooks/MouseHook.cs","https://stackoverflow.com/q/11607133",11607133,"titanium007/Windows-User-Action-Hook"
"C#",".cs","eb02b4599f90079295cb5ec6f6fa8ce70964a4e6","https://raw.githubusercontent.com/itechnology/JsonRaw/master/implementation/csharp/itechnology/Parser.cs","https://stackoverflow.com/q/13843038",13843038,"itechnology/JsonRaw"
"Documentation",".md","2bb1c64b9c580f3804679662e8231c3f0c3ab7e7","https://raw.githubusercontent.com/fhazubski/QtQuick-XValueAnimation/master/README.md","https://stackoverflow.com/a/33631321",33631321,"fhazubski/QtQuick-XValueAnimation"
"Documentation",".md","330551babe741035c784bf173736619911bf5143","https://raw.githubusercontent.com/JRG-Developer/SwiftDispatchOnce/master/README.md","https://stackoverflow.com/q/37886994",37886994,"JRG-Developer/SwiftDispatchOnce"
"Documentation",".md","39e1f0b53c85e9e40d4a0cbfb5e447a6031c95fc","https://raw.githubusercontent.com/iMac239/CoreDataSegueDemo/master/README.md","https://stackoverflow.com/a/27514083",27514083,"iMac239/CoreDataSegueDemo"
"Documentation",".md","567761cc9ca4247bcd8c2b9c808f00733cbc2b52","https://raw.githubusercontent.com/sinatra/sinatra/master/README.hu.md","https://stackoverflow.com/a/6282999",6282999,"sinatra/sinatra"
"Documentation",".md","5b39d00e7acb4d2a905fbcaf58dc71b13044ac96","https://raw.githubusercontent.com/saramgsilva/Office365InXamarinApp/master/README.md","https://stackoverflow.com/q/24541318",24541318,"saramgsilva/Office365InXamarinApp"
"Documentation",".md","5b39d00e7acb4d2a905fbcaf58dc71b13044ac96","https://raw.githubusercontent.com/saramgsilva/Office365InXamarinApp/master/README.md","https://stackoverflow.com/q/24511469",24511469,"saramgsilva/Office365InXamarinApp"
"Documentation",".md","62291768e401682286e21c38f90b0838426d18c8","https://raw.githubusercontent.com/mgiraldo/watchOS-animations-test/master/README.md","https://stackoverflow.com/q/36975649",36975649,"mgiraldo/watchOS-animations-test"
"Documentation",".md","73ba5a0bba8298ee787a084bca963f6615764b12","https://raw.githubusercontent.com/Day8/re-frame/master/docs/Performance-Problems.md","https://stackoverflow.com/a/37186230",37186230,"Day8/re-frame"
"Documentation",".md","7bde18dc43faad80682238c76984df5e22904fb2","https://raw.githubusercontent.com/scijava/swing-checkbox-tree/master/README.md","https://stackoverflow.com/a/12866094",12866094,"scijava/swing-checkbox-tree"
"Documentation",".md","98a35c7bbf16877fe4003afda1046a14c8bea99d","https://raw.githubusercontent.com/glenpike/npm-g_nosudo/master/README.md","https://stackoverflow.com/a/13021677",13021677,"glenpike/npm-g_nosudo"
"Documentation",".md","9d06cc1491af02f40e2835c63192f99ecf302407","https://raw.githubusercontent.com/tomclose/minimal_eak_test_stub_problem/master/README.md","https://stackoverflow.com/a/23132532",23132532,"tomclose/minimal_eak_test_stub_problem"
"Documentation",".md","a6c736d56be6208cfd51b34e2342375ab47eadf0","https://raw.githubusercontent.com/elect86/jogl-samples/master/jogl-samples/src/tests/gl_440/README.md","https://stackoverflow.com/q/35451405",35451405,"elect86/jogl-samples"
"Documentation",".md","b20f7b112d4b6185596acc9a6cc1db04680e3fd2","https://raw.githubusercontent.com/nepalez/rspec-sqlimit/master/README.md","https://stackoverflow.com/a/5492207",5492207,"nepalez/rspec-sqlimit"
"Documentation",".md","b2d3a8e402493b08a520769750b8388c6dd35f9d","https://raw.githubusercontent.com/dfahlander/Dexie.js/master/addons/dexie-export-import/README.md","https://stackoverflow.com/q/46025699",46025699,"dfahlander/Dexie.js"
"Documentation",".md","b46dcf7370ca5f1dd87e7ed64597be3811f5b2c4","https://raw.githubusercontent.com/paulroho/ConvertToUtf8/master/README.md","https://stackoverflow.com/a/265444",265444,"paulroho/ConvertToUtf8"
"Documentation",".md","bdc2d308cc426bf9f04736fda8fed8348885037a","https://raw.githubusercontent.com/Gnimuc/JuliaSO/master/README.md","https://stackoverflow.com/q/34766029",34766029,"Gnimuc/JuliaSO"
"Documentation",".md","bdcb2793e8b77015960fba3de60154282b169e54","https://raw.githubusercontent.com/n8r0n/image-rotation-sample/master/README.md","https://stackoverflow.com/a/11242492",11242492,"n8r0n/image-rotation-sample"
"Documentation",".md","c28034c12e6c2a62bd04b0f4a6f482ad1f0d9fad","https://raw.githubusercontent.com/soundasleep/html2text/master/README.md","https://stackoverflow.com/a/2564472",2564472,"soundasleep/html2text"
"Documentation",".md","c3db71775652e4b751f6143ab9900610c1ae3cc6","https://raw.githubusercontent.com/foxtrot9/monokaiPolishedVSCode/master/CHANGELOG.md","https://stackoverflow.com/q/43020413",43020413,"foxtrot9/monokaiPolishedVSCode"
"Documentation",".md","c3fd54c22c1b1df81949ecf2048f06af48079bf2","https://raw.githubusercontent.com/nico3333fr/CSP-useful/master/csp-wtf/explained.md","https://stackoverflow.com/q/44265331",44265331,"nico3333fr/CSP-useful"
"Documentation",".md","ca4867ce2e4d5218afd8d9f8749a9fc0315e27ff","https://raw.githubusercontent.com/telefonicaid/fiware-orion/master/doc/manuals.jp/admin/upgrading_crossing_0-19-0.md","https://stackoverflow.com/q/28498460",28498460,"telefonicaid/fiware-orion"
"Documentation",".md","d2863b64084276f04c378d1d45ecd2b0a718961c","https://raw.githubusercontent.com/aschriner/django_bug_demo/master/README.md","https://stackoverflow.com/q/21631596",21631596,"aschriner/django_bug_demo"
"Documentation",".md","e8910df595e171664876737d24405b3947703f1a","https://raw.githubusercontent.com/intuit/karate/master/README.md","https://stackoverflow.com/a/47799207",47799207,"intuit/karate"
"Documentation",".md","e8910df595e171664876737d24405b3947703f1a","https://raw.githubusercontent.com/intuit/karate/master/README.md","https://stackoverflow.com/a/52741196",52741196,"intuit/karate"
"Documentation",".md","f02b9f4a313be6011fbc800695f231ed8a441e64","https://raw.githubusercontent.com/dcrowe/WPF-DataGrid-Validation-Issue/master/README.md","https://stackoverflow.com/q/19767414",19767414,"dcrowe/WPF-DataGrid-Validation-Issue"
"Documentation",".md","f3aaed57384185dfd8e8dd66a60698a82bb758e3","https://raw.githubusercontent.com/AndroidDeveloperLB/ParallaxViewPagers/master/README.md","https://stackoverflow.com/q/31138652",31138652,"AndroidDeveloperLB/ParallaxViewPagers"
"Documentation",".rst","6e430b41d4b3d188bb2464b76c0be5b7fb93869a","https://raw.githubusercontent.com/zeehio/parmap/master/README.rst","https://stackoverflow.com/a/21292849",21292849,"zeehio/parmap"
"Java",".java","18af7890a561500159570b97a5e205c8fc4da609","https://raw.githubusercontent.com/mkl-public/testarea-pdfbox2/master/src/test/java/mkl/testarea/pdfbox2/form/FillInForm.java","https://stackoverflow.com/q/52059931",52059931,"mkl-public/testarea-pdfbox2"
"Java",".java","223be38119649b64a13e703dd5ae2827cddecbd9","https://raw.githubusercontent.com/XDean/Java-EX/master/src/main/java/xdean/jex/util/reflect/AnnotationUtil.java","https://stackoverflow.com/a/30287201",30287201,"XDean/Java-EX"
"Java",".java","2f61d78aae2b1b870354e055a704ba3f8ae6d06d","https://raw.githubusercontent.com/jsprit/jsprit/master/jsprit-examples/src/main/java/com/graphhopper/jsprit/examples/BicycleMessenger.java","https://stackoverflow.com/a/20412598",20412598,"jsprit/jsprit"
"Java",".java","2f61d78aae2b1b870354e055a704ba3f8ae6d06d","https://raw.githubusercontent.com/graphhopper/jsprit/master/jsprit-examples/src/main/java/com/graphhopper/jsprit/examples/BicycleMessenger.java","https://stackoverflow.com/a/20412598",20412598,"graphhopper/jsprit"
"Java",".java","31d57900a0a765ac8d67cc2598c9ce906161563e","https://raw.githubusercontent.com/mkl-public/testarea-pdfbox1/master/src/test/java/mkl/testarea/pdfbox1/assembly/OverlayWithEffect.java","https://stackoverflow.com/q/32269571",32269571,"mkl-public/testarea-pdfbox1"
"Java",".java","352b0674912d04782c9f386d7c2e5850f2dca013","https://raw.githubusercontent.com/XinyueZ/brightnessdemo/master/app/src/main/java/com/schautup/brightness/BrightnessRefreshActivity.java","https://stackoverflow.com/q/14101669",14101669,"XinyueZ/brightnessdemo"
"Java",".java","4b1d6b1f8b0b549ddfdf55064f8f62934f5a73d8","https://raw.githubusercontent.com/codenameone/CodenameOne/master/Ports/Android/src/com/codename1/impl/android/InPlaceEditView.java","https://stackoverflow.com/q/49004370",49004370,"codenameone/CodenameOne"
"Java",".java","4ddb91fc4ba9ca5443ddcd83d57544c1629e021a","https://raw.githubusercontent.com/greenlaw110/java-tool/master/src/main/java/org/osgl/util/IO.java","https://stackoverflow.com/q/36880692",36880692,"greenlaw110/java-tool"
"Java",".java","606894101f9d73c0ebdc32c2b1b118e6d23182a7","https://raw.githubusercontent.com/orfjackal/dimdwarf/master/test-utils/src/main/java/net/orfjackal/dimdwarf/testutils/LowLatencyPipedOutputStream.java","https://stackoverflow.com/a/2844689",2844689,"orfjackal/dimdwarf"
"Java",".java","68768d3be03056acb22b97fa8f729a6084ae78a2","https://raw.githubusercontent.com/eurosecom/Attendance/master/app/src/main/java/com/eusecom/attendance/fragment/LiveFragment.java","https://stackoverflow.com/a/41137626",41137626,"eurosecom/Attendance"
"Java",".java","76074076e64f97db8ca5e4c96e7e9badaebc574f","https://raw.githubusercontent.com/graphhopper/graphhopper/master/core/src/main/java/com/graphhopper/storage/index/BresenhamLine.java","https://stackoverflow.com/q/24679963",24679963,"graphhopper/graphhopper"
"Java",".java","77fc2a11451966ac99021a451486b290be3ecd21","https://raw.githubusercontent.com/21Buttons/FragmentTestRule/master/fragmenttestrule/src/main/java/com/android21buttons/fragmenttestrule/FragmentTestRule.java","https://stackoverflow.com/a/38393087",38393087,"21Buttons/FragmentTestRule"
"Java",".java","7ffa8f38c9ad258f471de60a13829c6cdeabfc9c","https://raw.githubusercontent.com/JoshuaD84/HypnosMusicPlayer/master/src/net/joshuad/hypnos/fxui/HypnosResizePolicy.java","https://stackoverflow.com/q/47852175",47852175,"JoshuaD84/HypnosMusicPlayer"
"Java",".java","82fb5f11a02522e8db0286fb1f1ad837dcce14a4","https://raw.githubusercontent.com/RoiEXLab/triplea/master/game-core/src/main/java/games/strategy/triplea/ui/MapRouteDrawer.java","https://stackoverflow.com/a/37370620",37370620,"RoiEXLab/triplea"
"Java",".java","a1d40b311fcffdb493e1758c1030a8bcab5e9e10","https://raw.githubusercontent.com/mkl-public/testarea-pdfbox1/master/src/test/java/OverlayWithEffect.java","https://stackoverflow.com/q/32269571",32269571,"mkl-public/testarea-pdfbox1"
"Java",".java","a3a185a8a6015ac62fda5ad2ae33c02f662909c0","https://raw.githubusercontent.com/kamoljan/Nefete/master/nefete/src/main/java/org/kamol/nefete/AndroidModule.java","https://stackoverflow.com/q/22942327",22942327,"kamoljan/Nefete"
"Java",".java","aa983d9adf04c43db4e4cb26444dd6e6ae9fd000","https://raw.githubusercontent.com/bleeding182/samples/master/SpinningStar/app/src/main/java/at/bleeding182/samples/spinningstar/RectProgressDrawable.java","https://stackoverflow.com/a/34590765",34590765,"bleeding182/samples"
"Java",".java","acd840fe97aad5243d955a8eec344f6c2bf71a5f","https://raw.githubusercontent.com/actframework/actframework/master/src/main/java/act/cli/CliContext.java","https://stackoverflow.com/q/34467383",34467383,"actframework/actframework"
"Java",".java","b6ded2c3d284db372ecdd436ffd6cf36832b045c","https://raw.githubusercontent.com/graphhopper/graphhopper/master/core/src/main/java/com/graphhopper/coll/GHLongIntBTree.java","https://stackoverflow.com/q/15897869",15897869,"graphhopper/graphhopper"
"Java",".java","bbc44bfdf6eb97a1527271140515753897ea67b3","https://raw.githubusercontent.com/mkl-public/testarea-itext5/master/src/test/java/mkl/testarea/itext5/extract/TextExtraction.java","https://stackoverflow.com/q/40659056",40659056,"mkl-public/testarea-itext5"
"Java",".java","bdc497850180507c9da6d814bb0eb1a4d559f425","https://raw.githubusercontent.com/jinahya/database-metadata-bind/master/src/main/java/com/github/jinahya/database/metadata/bind/FunctionColumn.java","https://stackoverflow.com/a/46647586",46647586,"jinahya/database-metadata-bind"
"Java",".java","c9e1e9eaf43061533be91984813775c45762b9c9","https://raw.githubusercontent.com/hgoebl/simplify-java/master/src/test/java/com/goebl/simplify/GpsLocationTest.java","https://stackoverflow.com/q/34010298",34010298,"hgoebl/simplify-java"
"Java",".java","cf54cd79668335efb567d28e0d3bb78053617900","https://raw.githubusercontent.com/NordicSemiconductor/Android-nRF-Toolbox/master/wear/src/main/java/no/nordicsemi/android/nrftoolbox/ble/BleManager.java","https://stackoverflow.com/a/20093695",20093695,"NordicSemiconductor/Android-nRF-Toolbox"
"Java",".java","d17ce96898ef4102315f59153a681450a3e74cf7","https://raw.githubusercontent.com/suragch/mongol-library/master/mongol-library/src/main/java/net/studymongolian/mongollibrary/MongolTextView.java","https://stackoverflow.com/q/42390378",42390378,"suragch/mongol-library"
"Java",".java","d55964739d16c86fcf8c83ada24a63670ad1c41e","https://raw.githubusercontent.com/centic9/jgit-cookbook/master/src/main/java/org/dstadler/jgit/unfinished/PullRemoteRepository.java","https://stackoverflow.com/q/17979660",17979660,"centic9/jgit-cookbook"
"Java",".java","ea4ca3676bec51e733e383b2c686df64392212ff","https://raw.githubusercontent.com/nodatime/tzvalidate/master/java/org/nodatime/tzvalidate/IcuDump.java","https://stackoverflow.com/q/31626356",31626356,"nodatime/tzvalidate"
"JavaScript",".js","09b2bbb080ff393d8d4a6d862223b4e661072d27","https://raw.githubusercontent.com/adamhotep/userscripts/master/Confluence - Hide sidebar.user.js","https://stackoverflow.com/a/35853814",35853814,"adamhotep/userscripts"
"JavaScript",".js","1560ac99edb3ee4f339ba7a5ed20a8bfbaf83760","https://raw.githubusercontent.com/sidorares/node-x11/master/lib/ext/glxrender.js","https://stackoverflow.com/q/21563590#comment32577251_21563590",21563590,"sidorares/node-x11"
"JavaScript",".js","166fe2a0aca142cfbd1159ce0830c57ec09d7795","https://raw.githubusercontent.com/brianmhunt/knockout-secure-binding/master/spec/providerBehaviour.js","https://stackoverflow.com/q/21580173",21580173,"brianmhunt/knockout-secure-binding"
"JavaScript",".js","16f106227cd520102695770e90b9d4146ecf77b8","https://raw.githubusercontent.com/limonte/sweetalert2/master/src/utils/iosFix.js","https://stackoverflow.com/q/39626302",39626302,"limonte/sweetalert2"
"JavaScript",".js","173446c24883c47ec10a1708fb12eca2a70f694d","https://raw.githubusercontent.com/Antrikshy/AppHookup-for-Pebble/master/src/app.js","https://stackoverflow.com/a/26446394",26446394,"Antrikshy/AppHookup-for-Pebble"
"JavaScript",".js","182a0834224ff65f462f40a022721586e56da301","https://raw.githubusercontent.com/OAuth3/oauth3-cli/master/examples/read-password.js","https://stackoverflow.com/a/10357818",10357818,"OAuth3/oauth3-cli"
"JavaScript",".js","21a7a1313cc5812f3d527a143f3e04deaf8418bf","https://raw.githubusercontent.com/DrPaulBrewer/html5csv/master/html5csv.js","https://stackoverflow.com/a/27699027",27699027,"DrPaulBrewer/html5csv"
"JavaScript",".js","2ab2b1b0b2a32f89bea722df88f603264fe6247b","https://raw.githubusercontent.com/akauppi/svg.rx.js/master/src/svg.rx.js","https://stackoverflow.com/q/35118707",35118707,"akauppi/svg.rx.js"
"JavaScript",".js","2af2f63f9677cbd2db65090f484d1b6f9ad4b194","https://raw.githubusercontent.com/niftylettuce/check-chai/master/index.js","https://stackoverflow.com/a/15208067",15208067,"niftylettuce/check-chai"
"JavaScript",".js","31d70f4bedfd7b585769e41e91cd48648f823c67","https://raw.githubusercontent.com/wataruoguchi/ionic-ui-modal-service/master/ionic.ui.modalService.js","https://stackoverflow.com/a/27880980",27880980,"wataruoguchi/ionic-ui-modal-service"
"JavaScript",".js","421ef57b68b4c8e1e8d0ea245f4680f6d7acfd71","https://raw.githubusercontent.com/FluVigilanciaBR/fludashboard/master/fludashboard/static/libs/svg-crowbar-2/singledownload-svg-crowbar-2.js","https://stackoverflow.com/q/50750430",50750430,"FluVigilanciaBR/fludashboard"
"JavaScript",".js","5f64d6b3b86a3715138e62831677f4dc83fe0c46","https://raw.githubusercontent.com/Justin-Credible/cordova-plugin-braintree/master/hooks/add_embedded_ios_frameworks.js","https://stackoverflow.com/a/36723619",36723619,"Justin-Credible/cordova-plugin-braintree"
"JavaScript",".js","6a738cb71b4da79f493e9172eead30d9a77fda95","https://raw.githubusercontent.com/duzun/jetpack-tab-setwindow/master/index.js","https://stackoverflow.com/a/33847868",33847868,"duzun/jetpack-tab-setwindow"
"JavaScript",".js","71106b12afd40c8e0e89827a9f46a8f7bf216d45","https://raw.githubusercontent.com/cflynn07/power-radix/master/test/index.spec.js","https://stackoverflow.com/a/33072743",33072743,"cflynn07/power-radix"
"JavaScript",".js","7505b530925c4b9033e3d56cc17089f0b4d60133","https://raw.githubusercontent.com/someatoms/jsPDF-AutoTable/master/examples/browserify/bundle.js","https://stackoverflow.com/a/28433113",28433113,"someatoms/jsPDF-AutoTable"
"JavaScript",".js","77871ec4207a9b5bb62dc5b67c0e2e2e5ed8c487","https://raw.githubusercontent.com/ryanpcmcquen/simpleJsCopy/gh-pages/simpleJsCopy.js","https://stackoverflow.com/a/23522755",23522755,"ryanpcmcquen/simpleJsCopy"
"JavaScript",".js","830a60211d1092687f682de2dd1aaac8f3981e58","https://raw.githubusercontent.com/ASJvine/vod-platform/master/src/server/api/recipes/recipesController.js","https://stackoverflow.com/q/43193173",43193173,"ASJvine/vod-platform"
"JavaScript",".js","b892be19e751ca678fb16dd6199462ee6f01c970","https://raw.githubusercontent.com/someatoms/jsPDF-AutoTable/master/dist/jspdf.plugin.autotable.js","https://stackoverflow.com/a/28433113",28433113,"someatoms/jsPDF-AutoTable"
"JavaScript",".js","db584aef222058abe72e67d2b81a258166556f10","https://raw.githubusercontent.com/myplaceonline/myplaceonline_phonegap/master/www/js/index.js","https://stackoverflow.com/q/52236521",52236521,"myplaceonline/myplaceonline_phonegap"
"JavaScript",".js","de282b002a4f3f758262e5144fa58f86973966ec","https://raw.githubusercontent.com/DistributedObjectProtocol/dop/master/src/protocol/onsubscribe.js","https://stackoverflow.com/q/41254636",41254636,"DistributedObjectProtocol/dop"
"JavaScript",".js","e4699fe0a389815aad62cdb8d04c220bfb352457","https://raw.githubusercontent.com/onury/custom-error-test/master/the-one/CustomError.js","https://stackoverflow.com/a/35881508",35881508,"onury/custom-error-test"
"JavaScript",".js","f061ce04ef354c74fcbda42dbd4da151a5190f96","https://raw.githubusercontent.com/Ridermansb/vuex-router-auth0-example/master/src/main.js","https://stackoverflow.com/q/39940665",39940665,"Ridermansb/vuex-router-auth0-example"
"JavaScript",".js","f2c9c9da85c281c37593f4c43666aee872168902","https://raw.githubusercontent.com/capaj/ng-tools/master/dist/ng-tools.js","https://stackoverflow.com/a/21254635",21254635,"capaj/ng-tools"
"JavaScript",".js","fe91da69e1c496de1d38f0ffc8ff9b65184f98bb","https://raw.githubusercontent.com/migswd/express-sails-vhosts/master/app4-sails/app.js","https://stackoverflow.com/q/25345423",25345423,"migswd/express-sails-vhosts"
"JavaScript",".js","feaf14827b85068d3d013bd016356bef74b5fb72","https://raw.githubusercontent.com/Hypnopompia/jquery-stickyheaders/master/jquery.stickyheaders.js","https://stackoverflow.com/q/13279725",13279725,"Hypnopompia/jquery-stickyheaders"
"Python",".py","07eedfd7fd7c4f066c126435d7a8d588d9142d3e","https://raw.githubusercontent.com/vsego/misc/master/pdf-pages.py","https://stackoverflow.com/a/51559543",51559543,"vsego/misc"
"Python",".py","114dcb5f3c1e17b0faf71008c3730c2f40dec265","https://raw.githubusercontent.com/woodem/woo/master/py/system.py","https://stackoverflow.com/q/33637423",33637423,"woodem/woo"
"Python",".py","1663994ee2c92f854e771d2645fe5d1c87db22ef","https://raw.githubusercontent.com/fashandge/partools/master/partools/parmap.py","https://stackoverflow.com/a/27683040",27683040,"fashandge/partools"
"Python",".py","18c885917f0daef55cff511c028d28c260d2d3b2","https://raw.githubusercontent.com/CNG/redirects-generator/master/generate.py","https://stackoverflow.com/a/7794859",7794859,"CNG/redirects-generator"
"Python",".py","1dcceffd1ecd4d669527f673286a5085276d35a2","https://raw.githubusercontent.com/rosarior/mayan/master/apps/common/utils.py","https://stackoverflow.com/a/6955045",6955045,"rosarior/mayan"
"Python",".py","25fd7f8251ee0996e1b29d5b7d59ec66c7378d13","https://raw.githubusercontent.com/milkey-mouse/swood/master/swood/render.py","https://stackoverflow.com/q/37202463",37202463,"milkey-mouse/swood"
"Python",".py","31801e562e791fc504b555b56e71a5618e8b4a3b","https://raw.githubusercontent.com/MikeiLL/appension/master/glitch/database.py","https://stackoverflow.com/q/41340837",41340837,"MikeiLL/appension"
"Python",".py","3826caa6cdb84ad051daf976875b17ef95787ded","https://raw.githubusercontent.com/musically-ut/seqfile/master/seqfile/seqfile.py","https://stackoverflow.com/a/29972288",29972288,"musically-ut/seqfile"
"Python",".py","3e037875743d22a27ed71b5b07a6320db77ffc38","https://raw.githubusercontent.com/ShrimpingIt/medea/master/medea/https.py","https://stackoverflow.com/q/48584098",48584098,"ShrimpingIt/medea"
"Python",".py","416353905203f2378c2f115418839b5ac9b092fd","https://raw.githubusercontent.com/arskom/spyne/master/spyne/test/interface/test_xml_schema.py","https://stackoverflow.com/q/16042132",16042132,"arskom/spyne"
"Python",".py","47452fb365b89e0940e5a429998ce916d4645f69","https://raw.githubusercontent.com/CoBiG2/cobig_misc_scripts/master/FDR.py","https://stackoverflow.com/a/21739593",21739593,"CoBiG2/cobig_misc_scripts"
"Python",".py","5463f9aa657ce6b8a6b387da64260adf6453fd5a","https://raw.githubusercontent.com/jalanb/dotsite/master/pysyte/paths.py","https://stackoverflow.com/q/26403972",26403972,"jalanb/dotsite"
"Python",".py","631389df3e482d345f14e7818126953496b5543e","https://raw.githubusercontent.com/roippi/kmerclumps/master/kmers.py","https://stackoverflow.com/a/26695030",26695030,"roippi/kmerclumps"
"Python",".py","6ace2a3be99988ea5b603a236bb829290a2edce6","https://raw.githubusercontent.com/ionutvmi/sublimePacks/master/copy_line.py","https://stackoverflow.com/a/25345286",25345286,"ionutvmi/sublimePacks"
"Python",".py","6f09a503cd4a4cf75f74d876acc73290245fd35d","https://raw.githubusercontent.com/sveetch/Gestus/master/gestus/rest/serializers.py","https://stackoverflow.com/q/24899713",24899713,"sveetch/Gestus"
"Python",".py","74a71fc083cbfe085838025bac71a12d6c7939e1","https://raw.githubusercontent.com/paulbrodersen/netgraph/master/netgraph/_main.py","https://stackoverflow.com/a/47312637",47312637,"paulbrodersen/netgraph"
"Python",".py","7db49a5cf83f91b0158b0f3d2f4df79dfb6191fd","https://raw.githubusercontent.com/hughdbrown/dictdiffer/master/dictdiffer/__init__.py","https://stackoverflow.com/a/1165552",1165552,"hughdbrown/dictdiffer"
"Python",".py","9cb50aba2e9e44489a6d9550e7e0d37f57f212f6","https://raw.githubusercontent.com/cheecheeo/useful/master/useful.py","https://stackoverflow.com/q/10892272",10892272,"cheecheeo/useful"
"Python",".py","a43e191a6db54d141f6832c9f018ee7a96d21789","https://raw.githubusercontent.com/avolkov1/keras_experiments/master/src/keras_exp/_mixin_common.py","https://stackoverflow.com/a/6100595",6100595,"avolkov1/keras_experiments"
"Python",".py","ab05f19dbbe223913370dc85e469330770974b52","https://raw.githubusercontent.com/xray/xray/master/xarray/tests/test_dataarray.py","https://stackoverflow.com/q/33158558",33158558,"xray/xray"
"Python",".py","b62f6bedf7fee5f57b92f94e16b39cf99338d3ad","https://raw.githubusercontent.com/pandas-ml/pandas-ml/master/pandas_ml/confusion_matrix/test/test_confusion_matrix.py","https://stackoverflow.com/a/31720054",31720054,"pandas-ml/pandas-ml"
"Python",".py","d253cc6219583aed211ba38260eec84c88379af8","https://raw.githubusercontent.com/ponycloud/python-sysfs/master/sysfs/__init__.py","https://stackoverflow.com/q/4648792",4648792,"ponycloud/python-sysfs"
"Python",".py","d4804a4b7cf75aa9a0819d356aa95ca76b57db19","https://raw.githubusercontent.com/klondikemarlen/PythonSQLAlchemyAutoGen/master/non_declarative_objects.py","https://stackoverflow.com/a/41924737",41924737,"klondikemarlen/PythonSQLAlchemyAutoGen"
"Python",".py","f1575edbccb4e9e58d00bd0e52e2af379ecd6fba","https://raw.githubusercontent.com/Pierre-Sassoulas/django-survey/master/survey/migrations/0004_polymorphic_answers_to_kiss.py","https://stackoverflow.com/q/44948775",44948775,"Pierre-Sassoulas/django-survey"
"Python",".py","f88cf4e1fdda62967b1be9e8f388fc2efcf8142c","https://raw.githubusercontent.com/orome/crypto-enigma-py/develop/crypto_enigma/utils.py","https://stackoverflow.com/a/33743668",33743668,"orome/crypto-enigma-py"
